{"cameraMode":{"drawMode":0,"name":"Shaded","section":"Shading Mode"},"sceneLighting":false,"audioPlay":false,"sceneViewState":{"showFog":true,"showMaterialUpdate":false,"showSkybox":false,"showFlares":true,"showImageEffects":true,"showParticleSystems":true},"in2DMode":false,"pivot":{"x":-0.9313876032829285,"y":5.740170478820801,"z":0.29007652401924136},"rotation":{"x":-0.02434518188238144,"y":-0.9027522206306458,"z":0.4264433681964874,"w":-0.05153679847717285},"size":0.5285951495170593,"orthographic":false}