{"cameraMode":{"drawMode":0,"name":"Shaded","section":"Shading Mode"},"sceneLighting":false,"audioPlay":false,"sceneViewState":{"showFog":true,"showMaterialUpdate":false,"showSkybox":false,"showFlares":true,"showImageEffects":true,"showParticleSystems":true},"in2DMode":false,"pivot":{"x":37.610469818115237,"y":-1.3033580780029297,"z":-6.883772850036621},"rotation":{"x":-0.32239779829978945,"y":-0.05417441576719284,"z":0.018481561914086343,"w":-0.9449064135551453},"size":4.465113162994385,"orthographic":false}