{"cameraMode":{"drawMode":0,"name":"Shaded","section":"Shading Mode"},"sceneLighting":false,"audioPlay":false,"sceneViewState":{"showFog":true,"showMaterialUpdate":false,"showSkybox":false,"showFlares":true,"showImageEffects":true,"showParticleSystems":true},"in2DMode":false,"pivot":{"x":-0.11587083339691162,"y":-1.638716697692871,"z":0.9584970474243164},"rotation":{"x":-0.4579028785228729,"y":-0.024239039048552514,"z":0.012488099746406079,"w":-0.8886206150054932},"size":1.7642974853515626,"orthographic":false}