{"cameraMode":{"drawMode":0,"name":"Shaded","section":"Shading Mode"},"sceneLighting":false,"audioPlay":false,"sceneViewState":{"showFog":true,"showMaterialUpdate":false,"showSkybox":false,"showFlares":true,"showImageEffects":true,"showParticleSystems":true},"in2DMode":false,"pivot":{"x":0.03379778563976288,"y":0.0879126638174057,"z":-0.05463927984237671},"rotation":{"x":-0.004834156017750502,"y":-0.9938071370124817,"z":0.10052583366632462,"w":-0.04776579514145851},"size":0.5651136636734009,"orthographic":false}